{"max": [-2.03663, 1.25264, 4.51016], "centroid": [-2.1994269728915725, 0.4935593001506017, 4.2890970030120465], "id": "18005751014e6ee9747c474f2e537e26", "numVertices": 1992, "min": [-2.36048, -0.00695335, 3.89275]}
