{"max": [0.296786, 0.904418, 0.307996], "centroid": [-0.003935493511578115, 0.30474075618481616, 0.032861869871155074], "id": "faef9e4cff5fa61987be36ce60737655", "numVertices": 7575, "min": [-0.296786, 0.0, -0.257483]}
