{"max": [7.99835, 14.4357, 12.6002], "centroid": [2.85637961284575, 7.281342717553186, 10.406248311170238], "id": "6072a4739c12979baa69dfdc5532bb13", "numVertices": 1504, "min": [-2.16165, -8.44089, 0.343183]}
