{"max": [11.879, 18.7589, 15.0856], "centroid": [1.858629466899228, 3.700159383735461, 3.216238682412801], "id": "d8e5d15cca97d3fcbda72093f9b5aa73", "numVertices": 2064, "min": [-8.23195, -8.70267, -12.0362]}
