{"max": [0.00416316, 0.842369, 0.419307], "centroid": [-0.2500644694155842, 0.44842292467532496, 0.25426821075974015], "id": "d75d41af68f4bf7f9af4053b8815b239", "numVertices": 308, "min": [-0.455577, -0.001905, -0.00420487]}
