{"max": [0.0, 1.49799, 0.0], "centroid": [-0.49257627302130264, 0.9687506335986555, -0.25628560009372237], "id": "da5aa9fe015114731a1272c8e47f5670", "numVertices": 1784, "min": [-1.06619, 0.0, -1.17861]}
