{"max": [0.0263004, 1.29656, 1.28599], "centroid": [-0.3335443207156129, 0.5174356832718957, 0.9141857579588759], "id": "6be6173e7eea5888a616caf97d73fa02", "numVertices": 6565, "min": [-0.693153, 0.00255902, 0.358699]}
