{"max": [2.50404, 5.45691, 3.82418], "centroid": [0.14372961968099673, 2.498149785131537, 3.0667719306077568], "id": "7f6858bd9d4af9df97316612e1a4343a", "numVertices": 10909, "min": [-2.21698, -4.01806, -1.21581]}
