{"max": [0.5, 0.586388, 0.5], "centroid": [0.2508055058309033, -0.13440870481049513, 0.2924567835276997], "id": "98d1fb12c3354d341e67ee2399c63faa", "numVertices": 2744, "min": [0.0, -0.41, 0.0]}
