{"max": [0.00310553, 1.38266, 0.730517], "centroid": [-0.3277851403539939, 0.4676310403494162, 0.36393780037437695], "id": "ec00ee8e8345be7a852028c7654a8ec8", "numVertices": 2404, "min": [-0.655, 0.0, 0.0239728]}
