{"max": [0.0, 0.800448, -0.000229299], "centroid": [-0.25049005846134414, 0.4143194548949084, -0.2881374024270582], "id": "bf0ba9e2ebcfb431e6fe3612af521500", "numVertices": 3681, "min": [-0.505978, 1.86265e-09, -0.553715]}
