{"max": [3.6927, 6.00502, 11.5034], "centroid": [1.7224328019966786, 3.4786615068219606, 9.637532229617296], "id": "bd0b06e158bcee8ac0d89fc15154c9a2", "numVertices": 601, "min": [-0.0836315, 0.0, 7.40308]}
