{"max": [0.00720263, 2.56102, 1.95177], "centroid": [-0.4330219680666672, 1.565300893333335, 1.3630219333333338], "id": "a27818db3f288ac8473f10e6caaeca56", "numVertices": 150, "min": [-0.901954, 0.828384, 0.841066]}
