{"max": [2.98023e-08, 0.848477, 0.625092], "centroid": [-0.3368991936412378, 0.49040705934140805, 0.3408845623067745], "id": "434cee44934612a81f98c0761af40e04", "numVertices": 5861, "min": [-0.673104, 0.0, 0.0]}
