{"max": [1.91282, 22.6783, 2.5034], "centroid": [-5.804394351684465, 14.314250197791624, -3.234335568187644], "id": "bc722985df07090d51c4deb11af7079e", "numVertices": 5881, "min": [-13.0916, 0.0, -17.2492]}
